Sensitivity,Country,Cell,System,Electrolyser,Year,Optimization,PV,Onshore,Lcoh,H2_volume,Unit
Default,PRT,PRT_PT18,PV,Alkaline,2020,Lcoh,1.9350332204573484,0,6.48814049766675,50904.8863761486,834.9893495950132
Default,PRT,PRT_PT18,PV,Alkaline,2020,Volume,1.3476372306055615,0,7.13777695001906,38443.87006093207,1198.9369939478408
Default,PRT,PRT_PT18,PV,Alkaline,2020,Profit,1.5455793350653984,0,6.704830182013899,43736.1339525657,1045.389320067519
